salsa barbacoa,uvas,salsa alioli,sal,judías verdes,moras,manzanas,guisantes,orégano,maíz,peras,arroz,aguacates,bacalao,espárragos
sepia,cebollas,leche,azúcar,pan,ciruelas,salsa de tomate,mandarinas,romero,berenjenas,lechuga,espinacas,manzanas,tomates
brócoli,mangos,pollo,ajo,maíz,lechuga,huevos,trucha,manzanas
aguacates,mandarinas,leche,frambuesas,judías verdes,peras,orégano,brócoli
mayonesa,menta,conejo,queso,fresas,trucha,zanahorias,cigalas,judías verdes,calabacines,berenjenas,salmón,guayabas,uvas
calabacines,aceite de oliva,piñas
vinagre,mandarinas,espárragos,pavo,ternera,patatas,salsa barbacoa,acelgas,coliflor
salsa de soja,cilantro,salsa barbacoa,pomelos,pan,peras,orégano,aceite de oliva,fresas,naranjas,mostaza,albahaca,kiwis,brócoli,manzanas
pepinos,peras,zanahorias,leche,trucha
coliflor,espárragos,fresas
zanahorias,pasta
uvas
ciruelas,arroz,conejo,limas,bacalao,cebollino,pepinos,maíz,aceite de oliva,moras,laurel,langostinos
harina,uvas,manzanas,melones,zanahorias,nata,salsa Worcestershire,sal,sandías
moras,huevos,pavo,menta
orégano,sepia,queso,uvas,manzanas,judías verdes,cordero,melocotones,laurel
orégano,manzanas,rúcula,calabacines,coliflor,tomillo,gambas,sal,queso,pomelos
harina
limones
aguacates,aceite de oliva,ciruelas,mostaza,guisantes,patatas,ternera
mantequilla
leche,espinacas,salsa alioli,cebollino,merluza,mangos,pan
guayabas,salsa tártara,atún,jengibre,azúcar,trucha,cigalas,acelgas,maíz,coliflor,repollo,yogur,salsa barbacoa,manzanas,melones
limas,piñas,pepinos,moras,atún,melones,kiwis,melocotones
salsa tártara,albaricoques,papayas,salsa alioli,pimienta,arándanos,espinacas,melocotones,anchoas,azúcar,perejil,espárragos,plátanos
conejo,calamares,radicchio,rúcula,trucha,piñas,nata,coliflor,langostinos,ajo,lechuga,espárragos,pomelos
granadas,huevos,menta,sandías
arándanos,manzanas
berenjenas,albahaca,pepinos,mandarinas,huevos,pavo,cilantro,salsa de soja,moras,acelgas,calabazas,guisantes,melocotones,calabacines,guayabas
orégano,salmón,plátanos,cilantro,cebollino,arándanos,brócoli,pasta,maíz,azúcar,jengibre,sandías,alcachofas
moras,guayabas,perejil,salsa Worcestershire,merluza,radicchio,aceite de oliva,calamares,menta,melocotones
maíz
sal,maíz,lechuga,pepinos,harina,fresas,coliflor
harina,piñas,atún,vinagre,limas,mostaza,laurel,repollo,jengibre,brócoli,salsa barbacoa,melones,espinacas,nata,ajo
acelgas,papayas,naranjas,conejo,menta,salsa Worcestershire,pasta,ketchup,sepia,cebollino,kiwis,crema,tomates
patatas,langostinos,arándanos,pulpo,sal
patatas,harina,mandarinas,pomelos,sepia,salmón,merluza,leche,acelgas,pan,lubina,rúcula,tomates,pepinos,nata
salsa alioli,piñas,limas,cebollas,naranjas,calabazas,mostaza,bacalao,ciruelas,espinacas,salsa barbacoa,langostinos,pomelos
melones,albaricoques,radicchio
moras,mandarinas,mantequilla,salmón
sandías,vinagre,ternera,guisantes,limones,plátanos,frambuesas
harina,acelgas,fresas,judías verdes,bacalao,ciruelas,pimienta
arándanos,maíz,pepinos,romero,bacalao,pollo,conejo,moras,laurel,azúcar,jengibre
calabacines,albahaca,mayonesa,vinagre,zanahorias,coliflor,sepia,trucha,cerdo,pan,repollo,papayas,bacalao,pollo,limones
calamares,gambas,albaricoques,trucha,naranjas,limas,manzanas,cerdo,uvas,salsa tártara
jengibre,moras,lubina,sandías
cebollino,moras,naranjas,tomillo,calamares,boquerones,huevos,ketchup,calabacines,romero,cilantro,uvas,granadas,alcachofas,pepinos
cebollino,albahaca,guisantes,pasta,guayabas,plátanos,mandarinas,cordero
jengibre,pollo,repollo,espárragos,alcachofas
salsa tártara,menta,plátanos,coliflor,sandías,salsa barbacoa,patatas,conejo,pasta,guayabas
pomelos,mayonesa,crema,salsa de tomate,fresas,trucha,judías verdes,lubina,anchoas,moras,sal,sepia,calabacines
peras
tomates,ajo,peras
yogur,zanahorias,coliflor,menta,judías verdes,albaricoques,bacalao,salmón,granadas,piñas,calamares
guayabas,calamares,huevos,albaricoques,lechuga,salsa de soja,ajo
lubina,plátanos,papayas,huevos,perejil,pavo,alcachofas,ketchup,albahaca,salmón,pimienta
melocotones,anchoas,maíz,boquerones,pasta,ternera,mangos,leche,cilantro,romero,vinagre,calabazas
pepinos,guisantes,melones,sal,orégano
sal,albahaca,rúcula,cerdo,vinagre,queso,ciruelas
fresas
tomates,atún
tomates,ajo,calabazas,limones
tomates,merluza,vinagre,ajo 
salsa barbacoa,tomates,limones,salsa Worcestershire
calabacines,merluza,maíz,salsa tártara,melocotones,ternera,salsa barbacoa,nata,perejil,radicchio,granadas,salsa de tomate,arroz,tomates,acelgas
sepia,pimientos,pomelos,menta,cigalas,salsa barbacoa,repollo,kiwis,pepinos,salsa de soja,pavo,alcachofas,salmón,guayabas,plátanos
peras,berenjenas,huevos,salsa Worcestershire,pulpo,uvas,ternera,orégano,kiwis,mostaza,naranjas,pasta,melones,aguacates
cigalas,atún,uvas,judías verdes,salsa de soja,conejo,berenjenas,sandías,repollo,orégano,patatas,radicchio,vinagre,espinacas
naranjas,patatas,alcachofas,huevos,frambuesas,cebollino,limas,vinagre,radicchio,laurel,crema
trucha
cebollino,queso,trucha,uvas,cerdo,atún
romero,ketchup,bacalao,vinagre,guayabas,menta,salsa alioli,limones,laurel,arroz
zanahorias,ternera,fresas,patatas,atún,espinacas,sepia,cordero
conejo
azúcar,zanahorias,mandarinas,salsa de tomate,bacalao,atún,pimienta,trucha,lubina,salsa alioli,papayas,sepia,moras,salsa tártara,manzanas
menta,laurel,pasta,huevos,espárragos,vinagre,sandías,espinacas,alcachofas,limas,pomelos,harina,perejil,leche
tomillo,mangos,leche,guayabas,pimienta,salsa alioli,manzanas,espárragos,mandarinas,nata,pimientos,anchoas
cordero,mantequilla,ternera
aguacates,pepinos,sandías,fresas,pan,albaricoques,ajo
piñas,kiwis
tomates,ajo,calabazas,limones
huevos,pasta,ajo,nata,tomates
maíz,huevos,frambuesas,arroz,pimienta,boquerones,mostaza
repollo,albaricoques,coliflor,salsa alioli,espinacas,cebollino,mostaza,yogur,sandías,trucha,bacalao,romero
queso,plátanos,calabacines,laurel,naranjas,papayas,peras,yogur
rúcula,guayabas,sandías,calabazas,ciruelas,crema,sepia,espinacas,pavo,cigalas
kiwis,acelgas,laurel,arroz,lechuga,patatas,moras,limones,espárragos,menta,cebollino,trucha,pasta
berenjenas
perejil,maíz,gambas,guayabas,lechuga,alcachofas,pan,ketchup,cerdo,cebollas,laurel,fresas,naranjas,pepinos,mayonesa
pulpo,acelgas
salsa Worcestershire,pimienta
rúcula,azúcar,calamares,limas,queso,mayonesa,vinagre,salsa barbacoa,radicchio,guisantes,cerdo,albahaca,aceite de oliva,moras,salmón
coliflor,salsa barbacoa,pavo,calamares,fresas,cerdo,limones,menta,calabacines,boquerones
pavo,langostinos,salsa tártara,repollo,mantequilla
mangos,melones,naranjas,cebollino,papayas,nata,menta,rúcula
mangos,maíz,pulpo,arroz,mostaza,conejo,langostinos,harina,lubina,romero,patatas,brócoli,pepinos,perejil,piñas
langostinos,orégano,naranjas,peras,queso,ketchup,salsa de tomate
sepia,uvas,salsa barbacoa,frambuesas,pepinos
salsa Worcestershire,limones,repollo,salmón,naranjas,pavo,leche,uvas,judías verdes,menta,brócoli,perejil,cordero,sal
langostinos,sandías,cigalas,nata,peras,yogur,arándanos,tomillo,calabazas,calamares,salsa tártara,radicchio,espárragos
arroz,vinagre,jengibre,crema,lubina
azúcar,guisantes,acelgas,melocotones,arroz,pulpo,ajo,salsa tártara,cerdo
manzanas,albaricoques,sepia,arándanos,jengibre,crema,alcachofas,merluza,patatas,frambuesas,albahaca
melones,merluza,conejo,pepinos
uvas,ajo,pomelos,atún,mostaza,peras,guayabas,pavo,pimientos,piñas
acelgas,nata,lubina,espárragos,berenjenas,anchoas,mandarinas,cigalas,menta,manzanas,crema
salsa barbacoa,salsa Worcestershire,pimientos,naranjas
crema,maíz,ketchup,alcachofas,lechuga,nata,pasta,sepia,gambas,salsa Worcestershire,pulpo
granadas,calabacines,pulpo,pomelos,pimienta,atún,albaricoques,salsa de tomate,salsa tártara,mantequilla,azúcar,piñas,crema,albahaca
albaricoques,sal,huevos,yogur,salsa Worcestershire,pimientos,frambuesas,nata,atún,plátanos,mangos
kiwis,jengibre,aceite de oliva
harina,aceite de oliva,frambuesas
huevos,melones,pollo,moras,romero,nata,ketchup,arroz,rúcula
langostinos,jengibre,guisantes,limones,yogur
alcachofas,moras,brócoli,salsa tártara
mangos,nata,cordero,rúcula,ciruelas,repollo,mayonesa,calabacines
huevos,tomillo
tomates,ajo,piñas
jengibre,mostaza,radicchio,ketchup,naranjas,arroz,pulpo
lechuga,salsa alioli,melones,yogur,pimientos,pimienta,acelgas,cordero,anchoas,conejo,papayas,pavo,arándanos,nata
manzanas,langostinos,pepinos,cerdo,bacalao,salsa Worcestershire,pimientos,melones,rúcula
coliflor,ciruelas,azúcar,fresas,mayonesa,huevos,arroz
jengibre,melocotones,coliflor,mandarinas,menta,mangos
sal,coliflor
naranjas,arándanos,conejo,maíz,jengibre,zanahorias,rúcula,salmón,pulpo,melocotones,tomates,ternera
papayas,piñas,leche,harina,manzanas,fresas,salsa barbacoa
anchoas,lechuga,orégano
mandarinas,berenjenas,ciruelas
arroz,pepinos,espinacas,merluza,pomelos,trucha,calabacines,zanahorias,harina,papayas,peras
manzanas,frambuesas,azúcar,merluza,judías verdes,albahaca,cerdo
conejo,pollo,radicchio,coliflor,salmón,berenjenas,sandías,huevos,kiwis,guisantes
radicchio,arándanos,pan
jengibre,peras,repollo,coliflor,ajo,tomates,cigalas,pimienta,uvas,salsa Worcestershire,moras,ketchup,acelgas
cebollino,granadas,ciruelas,melocotones
cebollino,mandarinas,cordero,kiwis,patatas,pulpo,mangos,nata,trucha,mantequilla,conejo
laurel,sal,conejo,alcachofas,gambas,lechuga,ajo,jengibre,pollo,sandías,calabacines,perejil,limas
berenjenas,radicchio,frambuesas,salsa Worcestershire,calamares,menta,cerdo
pepinos,pimientos,sepia,acelgas,mantequilla,aceite de oliva,ajo,cerdo,salmón,albaricoques,harina
salsa barbacoa,leche,cordero,mayonesa
albaricoques,coliflor,plátanos,menta,guayabas,merluza
ketchup
limas,gambas,mandarinas,cigalas,plátanos,salsa alioli,salsa barbacoa,salmón,leche,espárragos,orégano,sepia,sandías
huevos,gambas,arroz,lubina,anchoas,salsa alioli,coliflor,conejo,jengibre,cebollino,boquerones,langostinos,pavo
aceite de oliva,naranjas,albaricoques,brócoli,salsa Worcestershire,cordero,cilantro,patatas,salsa alioli,trucha,coliflor,kiwis,limones,merluza
calabacines,trucha,radicchio,judías verdes,acelgas,orégano,kiwis,menta,pavo,cerdo,huevos,cilantro
uvas,mandarinas,vinagre,guisantes,limas,zanahorias,berenjenas,salsa barbacoa,papayas,pavo,mostaza,salmón,frambuesas
mandarinas,ciruelas,maíz,langostinos
guayabas,laurel,pomelos,pimientos
anchoas,arroz
crema,anchoas,sepia,cerdo,frambuesas,pimientos,harina,albaricoques
aguacates,cordero,cigalas,cebollas,patatas,nata,queso,peras,frambuesas,maíz,vinagre,pavo
guisantes,pollo,maíz,granadas,albaricoques,mantequilla,kiwis,albahaca,melocotones,mostaza,trucha,moras,mangos
guayabas,bacalao,cebollas,moras,aguacates,berenjenas,albaricoques,cilantro,pimienta
melones,espinacas,pomelos,limas,rúcula,aguacates,menta,lubina,maíz,pan,pulpo,boquerones,manzanas,ajo,salsa de soja
lubina,espárragos,salmón,albahaca,cebollas,alcachofas,naranjas,bacalao,uvas,nata
crema,naranjas,calabacines,pan
lechuga,calabazas,salsa de tomate,mayonesa,mandarinas,pimientos,aceite de oliva,maíz
ketchup,cilantro
pavo,manzanas,zanahorias,espinacas,langostinos,menta,mostaza,espárragos,salsa de soja,pimienta,cigalas,merluza
limas,guisantes,espárragos,pulpo,uvas,melones,cordero,pepinos,brócoli,lechuga,sepia,moras
cerdo,calabacines,guisantes
manzanas,sepia,sandías,berenjenas,mantequilla,coliflor,tomillo,pimientos,espinacas
espinacas,pimienta,jengibre
frambuesas,sal,salsa tártara,sandías,cebollas
pimientos,albaricoques,alcachofas,uvas,naranjas,salmón,mayonesa,arándanos,mantequilla
harina,kiwis,mayonesa
calabacines,salsa de tomate,perejil,boquerones,melones,plátanos,moras
bacalao,laurel,zanahorias,moras
espárragos,ternera,pavo,jengibre
aguacates,gambas,langostinos,salsa tártara,tomates,pavo,melocotones,ajo
uvas
mostaza,salsa de tomate,acelgas,mangos
perejil
pomelos,fresas,calamares,leche,repollo
patatas,kiwis,albaricoques,peras,calamares,rúcula,salsa de tomate,bacalao,jengibre
queso,salsa alioli,cebollino,vinagre,tomillo,pan
leche,aceite de oliva,mangos,pomelos,salsa de soja,albaricoques,albahaca,coliflor,lubina,salmón,peras,cilantro,harina,vinagre
repollo,albaricoques,merluza,albahaca,pimientos
frambuesas,pulpo,piñas,harina,salsa alioli,pasta,cebollas,aguacates,mantequilla,cigalas,pan,vinagre,mostaza
pimientos,rúcula
piñas,salsa de soja,peras,langostinos,mandarinas,cigalas,espinacas,pimientos,papayas,menta,fresas,calamares
cebollas,coliflor,kiwis,menta,frambuesas,brócoli,gambas,lechuga,aguacates,pimienta,limones,salsa de soja,pomelos,ajo
salmón,nata,piñas
ciruelas,cebollino,albahaca
radicchio,maíz
kiwis,brócoli,sandías,acelgas,ciruelas,moras,piñas,nata,albahaca,coliflor,manzanas,maíz,calabazas,atún
pimienta,laurel,tomates,papayas,vinagre,naranjas,cigalas,espárragos
espinacas,mantequilla,ajo,romero,tomates,pulpo,berenjenas,melones
melocotones,romero,salsa de soja,mangos
jengibre,zanahorias
aceite de oliva,queso
atún,pomelos,calabacines,mandarinas
pimientos,calabazas,ciruelas,vinagre,aguacates,gambas,trucha,huevos,calabacines,conejo,brócoli,salsa tártara,piñas,crema,mangos
albaricoques,espinacas,melocotones,cebollino,plátanos,melones
alcachofas,melocotones,harina,pan,queso,sepia,cerdo,brócoli,tomates,cordero,lechuga,ajo,sandías,pomelos,coliflor
mangos,pomelos,espinacas,pavo,patatas,mayonesa,calabacines,kiwis,pimientos,mandarinas,yogur
arroz,fresas,manzanas,sal,coliflor,melones,mantequilla
papayas,brócoli,lechuga,salmón,tomillo,aceite de oliva,arándanos,cilantro,merluza,cebollas,limones,melones,plátanos
melones,mandarinas,fresas,piñas,tomillo,lechuga,pimientos,naranjas,pepinos,crema,aceite de oliva,lubina,salsa de soja,cigalas
yogur,judías verdes,cebollino
ketchup,salsa de tomate,melocotones,arroz,patatas,lubina,crema,albaricoques,merluza,mayonesa,pimienta
cebollas,cilantro,cerdo,repollo,granadas,anchoas
radicchio,peras
salsa de soja,rúcula,laurel,perejil,orégano,cerdo,espárragos,gambas,limones,salsa alioli,sepia,conejo
pasta,limas,lubina,vinagre
lubina,acelgas
huevos,gambas,salsa Worcestershire,romero,trucha,melones,aguacates,yogur,cilantro,lubina
pasta,calabazas,boquerones,perejil,mayonesa
gambas,alcachofas,harina,atún,pimienta,aguacates
pimientos,plátanos,sepia,cilantro,bacalao,aceite de oliva,rúcula,pepinos,mostaza,limones,naranjas,langostinos
mangos,espárragos,jengibre,mostaza
judías verdes,menta,salsa alioli,cordero,sandías,ajo,brócoli,ketchup,langostinos
bacalao
tomillo,calabacines,salsa barbacoa,vinagre,espárragos,cerdo,langostinos,granadas,arroz,queso,alcachofas,boquerones,judías verdes,laurel,cebollas
pasta,conejo,pulpo,cigalas,melocotones,ternera,guisantes,ciruelas,pan,salsa de soja,brócoli,alcachofas,bacalao
atún,calamares,guisantes,melocotones,pollo,sepia,ketchup,aguacates,pasta
cordero,anchoas,piñas,queso,granadas,lubina
ternera,lubina,mangos,zanahorias,mostaza,granadas,calabacines,aceite de oliva,cebollas
sepia,orégano
orégano,pimientos,tomillo,rúcula,leche,queso,salsa tártara,zanahorias,lubina,sal
laurel,orégano,salsa tártara,huevos
sandías,anchoas,crema,salsa tártara,granadas,melones,aguacates,bacalao,boquerones,salmón,zanahorias
harina,espinacas,guisantes,pan,azúcar,mostaza
bacalao,limones,guisantes,guayabas,espinacas,salmón,mandarinas,zanahorias
melocotones,romero,maíz,limas,guisantes,coliflor
langostinos,uvas,zanahorias,trucha,melones,azúcar
ternera,jengibre,mandarinas
ajo
mantequilla,orégano,alcachofas,manzanas
frambuesas,bacalao,harina
ciruelas,pollo,albahaca,brócoli,salsa de soja
cordero
calabacines,rúcula,zanahorias,peras,azúcar,acelgas,menta,pimientos
nata,papayas,limones,mostaza,trucha,salsa tártara,cordero,melones
leche,pollo,maíz,pimientos,jengibre,salsa barbacoa,boquerones,salsa Worcestershire,kiwis,cilantro,berenjenas,naranjas
Pimientos,calabacines,granadas,tomates,ajo
alcachofas,crema
anchoas,peras,tomates
yogur,romero,acelgas,nata,tomillo,espinacas,mostaza
peras,calamares,mandarinas
arroz,vinagre,leche,atún,limones,sandías,peras,salsa de tomate,ketchup,manzanas
mangos,romero,repollo,mostaza,tomillo,orégano,peras,brócoli,guayabas,maíz,kiwis,salmón
uvas,queso,leche,salsa Worcestershire,salmón,limas,mantequilla,salsa alioli,arándanos,tomillo,huevos
melocotones,salmón,romero,mantequilla
gambas,jengibre,pavo,orégano,atún,sal
Nata,tomates,ajo
espárragos,anchoas,calabazas,salsa de soja,ajo,judías verdes,aguacates,calabacines,piñas,bacalao,pan,fresas
radicchio,salsa tártara,yogur,sandías,arándanos,calamares,albaricoques,pollo,melones
espinacas,maíz,crema,vinagre,granadas
salsa tártara,uvas,sepia,boquerones,brócoli,repollo,salmón,mantequilla,espinacas,lechuga,pimienta,atún,vinagre
mandarinas,menta,nata,granadas,cigalas,mangos,pepinos,calabacines,brócoli,arándanos,maíz,ciruelas,romero
calabacines
azúcar,frambuesas,albaricoques,pomelos,cigalas,leche,jengibre,calabacines
guisantes,langostinos,merluza,pollo
salmón,radicchio,salsa Worcestershire,albahaca,pollo
pimientos,piñas,pan,calamares,perejil,pollo,berenjenas,orégano,boquerones,melocotones,brócoli
pepinos,merluza,lechuga,salmón,plátanos,mantequilla,boquerones,romero,radicchio
cerdo,lechuga,bacalao,pepinos,ketchup,aguacates,acelgas,kiwis,papayas,pollo,tomillo,merluza,zanahorias,naranjas,mostaza
yogur
pepinos,crema,tomillo,repollo,berenjenas,uvas,pan,albahaca,leche,azúcar,acelgas,perejil
aguacates,atún,yogur,melones,calabacines
naranjas
pulpo,salsa alioli,melocotones,laurel,sal,romero,sandías,peras,albaricoques,alcachofas,merluza,calabazas
ketchup
langostinos,coliflor,bacalao,rúcula,salsa tártara,limas,cigalas,melocotones,peras,sal,calabacines,menta
ciruelas,pasta,guisantes,pimientos,mostaza,salsa barbacoa,zanahorias,jengibre
berenjenas,guayabas,sandías,lubina,zanahorias,mantequilla
pasta,tomates,langostinos,huevos,orégano
alcachofas,salsa Worcestershire,calamares,pomelos,espárragos
boquerones,merluza,guisantes,piñas,pulpo,cordero
limas,albahaca,cerdo,calamares,pavo,gambas,melones
jengibre,uvas,moras,salsa alioli,albaricoques,aguacates
rúcula,menta,pollo,harina,mandarinas,melocotones,ternera,pimienta,salmón,pasta,guayabas,coliflor
rúcula,plátanos,orégano,mostaza,lubina,atún,radicchio,laurel,maíz,repollo,harina
mostaza,tomillo,coliflor,azúcar,frambuesas,anchoas,albahaca,kiwis,pavo,guisantes,melocotones
langostinos,patatas,granadas,sal,pasta,acelgas,albahaca,calabazas,rúcula,piñas
bacalao,vinagre,romero,boquerones,berenjenas,kiwis,queso
rúcula,cilantro,langostinos,brócoli,mantequilla,guayabas,jengibre,harina,mostaza,mandarinas,ketchup,mayonesa,salsa de soja,fresas
salsa alioli,cerdo,pomelos,aceite de oliva,cordero,lechuga,guisantes
brócoli,calabacines,repollo,tomillo,cigalas,yogur
yogur,cilantro,atún,tomillo,pollo,cordero,kiwis
guayabas,anchoas
fresas,cerdo,harina,cilantro,cebollas,melones,pulpo,perejil,lubina,espinacas
cebollas
salsa alioli,lechuga,frambuesas,langostinos,cilantro,bacalao,pimientos,tomillo,cebollino,queso,cerdo,salmón,mostaza,orégano
romero,tomates,radicchio,alcachofas,frambuesas,melones,arándanos,guayabas
rúcula,bacalao,patatas,langostinos,yogur,perejil,peras,mayonesa,limas,uvas,salsa de tomate,merluza,pollo,calabacines
calabazas,perejil,pasta,patatas,berenjenas,pepinos,vinagre,arándanos,plátanos,calabacines,crema
ternera,arándanos,crema,espinacas,ajo,cerdo,cordero,judías verdes,papayas,tomates
zanahorias
guayabas,acelgas,manzanas,limas,pimientos,lubina,zanahorias,arroz,vinagre
espárragos,maíz,crema,limones,pollo
merluza,lubina,pimientos,sandías,calabacines,mangos,bacalao
langostinos,manzanas,limones,coliflor,pollo,conejo,vinagre,pomelos,pavo,guayabas,sal,laurel,salsa Worcestershire
sepia,lechuga,rúcula,naranjas,guisantes,laurel,mangos,berenjenas,trucha,ajo,papayas
pollo,zanahorias,cigalas,laurel,harina,ternera,limas,judías verdes,ajo
guisantes,tomillo,salsa barbacoa,peras,orégano,pavo,salsa de soja,sandías,limones,gambas,fresas,cebollas,pomelos,trucha
leche,cebollino,cordero,cebollas,calamares,pomelos,patatas,mantequilla,salsa de tomate,coliflor,espárragos,calabazas,laurel,berenjenas,pepinos
gambas,moras
sal,cigalas,guisantes,trucha,pomelos,ciruelas
langostinos,manzanas,albahaca,ciruelas,pollo,salmón,salsa barbacoa,espárragos,berenjenas,mangos,salsa de tomate,pavo
cebollino,tomates,sal,salmón,lechuga,pulpo,cilantro,salsa de soja,huevos,fresas,menta,anchoas,pavo,ciruelas,cerdo
mayonesa,naranjas,piñas,merluza,calabacines,berenjenas,mostaza,calamares,limas,cebollas,salsa tártara,vinagre,calabazas
manzanas,yogur,conejo,mandarinas,calamares,cigalas,ciruelas,cerdo,plátanos,kiwis,pavo,cebollino,granadas,arándanos,ternera
piñas,papayas,sepia,queso,patatas,salsa de tomate,acelgas,lechuga
merluza,trucha,pasta,queso,orégano,frambuesas
espárragos,limas,pimienta,pimientos,zanahorias,naranjas,jengibre,huevos
romero,limones,brócoli,menta,merluza
arroz,calabazas,pepinos,tomillo
uvas
granadas,salsa de soja,salmón,orégano,queso,zanahorias,salsa alioli,guisantes,anchoas,romero
salsa alioli,bacalao,mayonesa,mantequilla,pavo,zanahorias,naranjas,coliflor,peras,berenjenas,yogur
uvas,espárragos,arroz,acelgas,albahaca,salsa Worcestershire,granadas
granadas,espinacas,mostaza,piñas,mantequilla,jengibre,yogur,zanahorias,leche,boquerones
sandías,ternera,pasta,brócoli,espárragos,gambas,sal,pulpo,arroz
lechuga,piñas,cilantro,albahaca,guisantes,tomillo,lubina,melones,ciruelas,calabazas,conejo,queso,salsa Worcestershire,pasta,coliflor
lubina,leche,salsa de soja,conejo
perejil,salsa barbacoa,crema,vinagre,tomillo
harina,crema,albaricoques,melones,cebollas,pollo,salsa de soja,lubina,granadas,sandías,cordero
pimientos,radicchio,plátanos,alcachofas
ketchup,boquerones,zanahorias,cigalas,ternera,cebollino
calamares,aceite de oliva,salsa alioli,zanahorias,ajo,cebollas,lechuga,salsa de tomate,kiwis,mayonesa,aguacates
radicchio,rúcula,laurel,frambuesas,plátanos,piñas,kiwis,jengibre,salsa tártara,berenjenas,tomillo
gambas,alcachofas,crema
fresas,arándanos,ketchup,mantequilla,limas,mandarinas
cilantro,manzanas,uvas
salsa alioli
pavo,rúcula,azúcar,orégano,ciruelas,cebollas,yogur,peras,gambas,ternera,lubina,melocotones,berenjenas,trucha
boquerones,lubina,patatas,atún,frambuesas,melocotones
kiwis,conejo,limas,cilantro,aceite de oliva,anchoas,bacalao,leche,tomates
mandarinas,mantequilla,peras,romero,pulpo,granadas,langostinos,boquerones,mangos,calamares
azúcar,leche,calabacines,mandarinas
fresas,cebollas,pulpo,mantequilla,aceite de oliva,zanahorias,guisantes,pomelos,pimienta,atún,pimientos,pollo,albaricoques,kiwis
cordero,cerdo,zanahorias,crema,jengibre,pollo,coliflor,azúcar
ciruelas,cebollino,calabacines,mandarinas,salsa alioli,pimienta,guisantes
anchoas,guisantes,piñas,cigalas,limones,repollo,jengibre,ketchup,pimienta,sal,ciruelas
calamares,pulpo,romero
tomillo,pollo,orégano,ketchup
salsa Worcestershire
alcachofas,mangos,arroz,pepinos,repollo,ciruelas,trucha,plátanos
coliflor,pulpo,leche,kiwis,brócoli,piñas
queso,ketchup,salsa de soja
alcachofas,orégano,pepinos,conejo,pimientos,perejil,mandarinas
pepinos,calabazas,zanahorias,piñas,sal,ajo,salsa de soja,sandías,limas
boquerones,leche,cigalas,harina,orégano,plátanos,maíz,ketchup
acelgas,uvas
vinagre,salsa Worcestershire,harina,nata,merluza,albaricoques,espárragos,repollo,salsa alioli,frambuesas,berenjenas,acelgas
espárragos,fresas,rúcula,ketchup,mangos,repollo,romero,pasta,judías verdes,laurel,azúcar,ajo,radicchio
bacalao,pomelos,berenjenas,ciruelas,naranjas,lechuga,zanahorias
harina
albaricoques,merluza,cerdo,cebollas,mandarinas,guayabas
guisantes,limones,mantequilla,calamares,repollo,pulpo,ciruelas
brócoli,romero,moras,ketchup,uvas,lechuga,mangos,ternera,calabazas,fresas,albahaca,melones,boquerones,salsa alioli
melocotones,mostaza,ciruelas
mantequilla
repollo
pimientos,ciruelas,queso,plátanos,acelgas,lechuga,merluza,salsa de soja,pomelos,langostinos,orégano
cordero,harina,conejo,ajo,cebollas,papayas,langostinos,ciruelas
sepia,cebollino,ajo
calabacines,azúcar,limas,merluza,brócoli,perejil,conejo,espinacas,cebollas,gambas,calabazas
moras,papayas,crema,yogur,peras,cilantro,pomelos
salsa Worcestershire,romero,acelgas,radicchio,cebollino,maíz,ajo
uvas,boquerones,alcachofas,pasta,pimienta,judías verdes,perejil
cebollino,nata,jengibre,tomillo,pepinos,zanahorias,patatas,salmón,albahaca,uvas,mayonesa
laurel,aceite de oliva,perejil,salsa de tomate,ciruelas,pimientos,bacalao,arroz,granadas,trucha,espinacas
limas,sepia
naranjas,vinagre,queso,boquerones,pomelos,plátanos,guisantes,pimientos,calabazas,huevos,salsa alioli,aguacates
patatas,arándanos,pulpo,anchoas,salsa Worcestershire,espárragos,conejo,peras,bacalao,granadas,langostinos,arroz
azúcar,ciruelas,harina,cigalas,sal,huevos,frambuesas,lubina,sandías,pimientos,cebollas,acelgas,melocotones
aguacates,arroz,naranjas,maíz,nata,ketchup,kiwis,pimienta,salsa alioli,granadas,lechuga,salsa de tomate
cerdo,azúcar,salsa de tomate,lechuga,bacalao,pimientos,frambuesas,pan,espinacas,ketchup,aceite de oliva,vinagre,tomillo
perejil,lubina,moras,pomelos,sandías,rúcula
queso,boquerones,cebollas,melones,fresas,salsa Worcestershire,rúcula,pepinos,pasta,coliflor
pimienta,salsa tártara,salsa alioli,kiwis,peras,sepia,azúcar
gambas,salsa de tomate,sandías,mostaza,langostinos,fresas,merluza,huevos
zanahorias,anchoas,cebollas,pulpo,coliflor,aceite de oliva,cerdo,brócoli,espárragos,gambas,mangos,albahaca
sepia,moras,berenjenas,sal,albahaca,cerdo,cigalas,repollo,atún,salsa tártara,ketchup,mantequilla,mangos
aguacates,espárragos,huevos,fresas,leche,salsa de soja,cebollino,calabacines,tomates,calamares,pollo,cordero
papayas,trucha,rúcula,ketchup,romero,alcachofas
cigalas,pimienta,rúcula,cebollas,piñas,ciruelas,crema,salsa de soja,zanahorias,gambas
jengibre,guayabas,papayas,acelgas,kiwis,vinagre,pimienta,tomillo,calabazas,guisantes,salsa barbacoa,salsa de tomate,granadas
jengibre,calabacines,rúcula,repollo,crema,romero
coliflor,acelgas,espinacas,huevos,arroz,brócoli,espárragos,salsa barbacoa,salsa de soja,vinagre,arándanos
judías verdes,azúcar,vinagre
azúcar
albaricoques,cebollas,granadas,azúcar,fresas
fresas
nata,ciruelas,mantequilla,calamares,anchoas,granadas,menta
patatas,repollo,yogur,coliflor,mandarinas,mantequilla,merluza,cilantro,lechuga,sandías,huevos,salsa de soja,ciruelas
jengibre,pomelos,aguacates,espárragos,pepinos,manzanas,anchoas,fresas,rúcula
nata,albaricoques,uvas,acelgas,leche,calamares,naranjas,cebollino,tomillo
melones,ajo,boquerones,pollo,cordero,perejil,lubina,pimienta,plátanos,pimientos,coliflor,maíz,cebollas,trucha
papayas,crema,frambuesas
aceite de oliva,radicchio,plátanos,albahaca,ciruelas
perejil,salsa de soja,cordero,ciruelas,papayas,merluza,menta,harina
salsa barbacoa,papayas,cordero,sandías,mangos,patatas,orégano,jengibre,arándanos,pollo
cerdo,arándanos,piñas,guisantes,pollo,albahaca,nata,salsa de tomate,alcachofas,gambas,calabacines
coliflor,aceite de oliva,plátanos,bacalao
acelgas,zanahorias,peras,leche,ketchup,espinacas,rúcula,sepia,cordero,yogur,pulpo,melocotones,ciruelas,pollo,pasta
sal
lechuga
ajo,pulpo,pimienta,zanahorias,repollo,salsa alioli
calamares,nata,cordero,mantequilla,berenjenas,maíz,plátanos,laurel,salsa de tomate,crema
albahaca,naranjas,menta,pasta,uvas,cerdo,tomillo,cebollino,lubina,anchoas,salsa de soja,albaricoques
papayas,repollo,queso,ajo,nata
aceite de oliva,zanahorias
granadas,arándanos,conejo,melones,espinacas
albaricoques,limones
aguacates,maíz,merluza,repollo,gambas,plátanos,rúcula,pasta,zanahorias,brócoli,acelgas,cilantro
patatas,atún
naranjas,limones,sepia,salsa alioli,arándanos,radicchio,albahaca,berenjenas,ketchup,arroz,patatas,tomates
pimienta,manzanas,peras,uvas,harina,pulpo,orégano,coliflor,gambas,cordero,salsa alioli,pimientos
melocotones,radicchio,conejo,salmón,sal,orégano,lubina,ajo
calamares,boquerones,calabacines,sepia,conejo
guayabas,salsa barbacoa,berenjenas,langostinos,espárragos,repollo,radicchio,sal,alcachofas,jengibre,salsa alioli,harina,merluza
gambas,ketchup,mostaza,sal,queso,mayonesa,pimientos,brócoli,merluza,coliflor,melocotones,pan
tomates,yogur,espárragos,orégano,calabazas,harina,salsa alioli,cigalas,cebollas,tomillo,salsa Worcestershire,kiwis,patatas
arroz,ketchup,mandarinas,queso,berenjenas,menta,patatas,cebollas
boquerones,pavo,coliflor,mangos
naranjas,papayas,judías verdes
cebollino,vinagre,patatas
crema,sal,sepia,berenjenas,guisantes,arándanos,moras,ajo,pavo,sandías
ternera,piñas,melocotones
pan,salsa alioli,limas,frambuesas
judías verdes,orégano,salsa de soja,merluza,moras,vinagre,guisantes,limones,melones,uvas,guayabas,rúcula
albahaca
anchoas,leche,pollo,azúcar,cebollas,moras,aceite de oliva
pasta,queso,albahaca,repollo,brócoli,menta,cordero
moras,salsa de soja,cebollas,naranjas
cebollas,cilantro,salsa tártara,cigalas,perejil,limones,lechuga,berenjenas
frambuesas,piñas,ciruelas,conejo,melones,queso,alcachofas,tomillo,perejil,arándanos,merluza,limas,trucha,plátanos,espinacas
pulpo,albaricoques,pavo,pomelos,arándanos
aceite de oliva,orégano,melocotones,salsa tártara,espárragos,harina,ternera,pavo,ciruelas,limones,brócoli,kiwis,pimienta
atún
bacalao
menta,repollo,ajo,patatas,lechuga,salsa Worcestershire
pollo
moras,fresas,espinacas,calabacines,albaricoques,jengibre
coliflor,harina,pimienta,sal,conejo,radicchio,merluza
moras,pasta,menta,cerdo,azúcar,limones,boquerones,ternera,salsa de tomate,frambuesas,judías verdes,pollo,calabacines,cilantro
ciruelas,ternera,salmón,cebollas
perejil,pollo,mantequilla
salsa de tomate,repollo,calabazas,ternera,pollo,ajo,mayonesa,salsa Worcestershire,cilantro,tomillo
espárragos,peras,cebollas,atún,pimientos,cordero,anchoas,berenjenas,pepinos,kiwis,sandías,piñas
salsa barbacoa,queso,brócoli,pavo,salsa tártara,sandías
manzanas,limas,pimienta,espinacas,trucha,repollo,vinagre,azúcar
ajo,perejil,cilantro,conejo,calamares,crema,boquerones
kiwis,espárragos,arroz,calabacines,mantequilla,salsa Worcestershire,lubina
merluza,moras,huevos,kiwis,leche,pimienta,brócoli,mantequilla,manzanas,mostaza,pulpo
sepia,mostaza,aguacates,acelgas,cilantro,pepinos,leche,plátanos,azúcar,albaricoques,orégano,coliflor,arroz,berenjenas,espinacas
salsa tártara,pepinos,pasta,crema
aceite de oliva,cilantro,pimientos,ketchup
pollo,papayas,naranjas,moras
pasta,mayonesa,salsa Worcestershire,ternera,aceite de oliva,tomates,gambas,leche,azúcar,ajo
Tomillo,tomates,cebollas,pomelos,moras,calamares,radicchio,ajo
uvas,salsa Worcestershire,calamares,salsa tártara,mangos,salsa de tomate,salsa barbacoa,ternera
queso,naranjas,manzanas,harina,pan,langostinos
tomillo,pimientos
coliflor,acelgas
ciruelas,frambuesas,piñas
moras,ketchup,laurel,yogur,aceite de oliva,sandías,conejo,ternera,patatas,limas,pimientos
granadas,frambuesas,judías verdes,albaricoques,merluza,orégano,bacalao,mandarinas,brócoli,pimienta,ketchup
harina,nata,salsa Worcestershire
ajo,guisantes,salsa tártara,trucha,moras,fresas,limas,cigalas,manzanas,pavo,plátanos,limones,cerdo
judías verdes
jengibre,salsa Worcestershire,romero,ternera
pan,uvas,ajo,menta,tomillo,mostaza,patatas,cordero,salsa tártara,guayabas
maíz,anchoas
radicchio
zanahorias,pan,pulpo,melocotones,azúcar,judías verdes,salmón
salsa de soja,berenjenas,cordero,albahaca,mangos,lechuga,repollo,merluza,lubina,harina,salsa alioli,mandarinas
calamares,guisantes,arándanos
calabacines,pomelos,espárragos,aguacates
peras,gambas,lubina,romero
melocotones,limas,pasta
melocotones,pepinos,azúcar,frambuesas,pan,langostinos,boquerones,pimientos,mangos,kiwis,mantequilla,menta,repollo,jengibre,moras
orégano,pepinos,moras,repollo,boquerones,mantequilla,papayas,nata,naranjas,berenjenas,gambas,sal,lechuga
nata
plátanos,cordero,harina
laurel,limas,orégano,nata,gambas,huevos,melocotones
rúcula,calabacines,boquerones,repollo,lechuga,manzanas
melocotones,pulpo,ajo,maíz,salsa alioli,trucha,cebollino,arándanos,perejil,yogur
salsa alioli
rúcula,pulpo,salmón,cordero,guayabas,ketchup,salsa barbacoa,coliflor,lechuga
azúcar,maíz,mayonesa,bacalao,tomates,trucha,mostaza
calabacines,papayas,salsa de soja,pomelos,calamares,cilantro,tomates,pimienta
espinacas,moras,conejo,albaricoques,menta,cebollas,nata,langostinos,salsa tártara,naranjas,espárragos,harina,pulpo,jengibre,ketchup
patatas,maíz,manzanas,cordero,espárragos,salsa de soja,atún,mantequilla,kiwis
cordero
rúcula,boquerones,uvas,tomates,gambas,cilantro,piñas,atún,melocotones,harina,cordero,granadas,ajo,pasta
mayonesa,salsa alioli,fresas,peras,moras,atún,albahaca,manzanas,espárragos
crema,papayas,uvas,cigalas
tomates,rúcula,mayonesa,albahaca,papayas,patatas
salmón,pomelos,salsa de soja,jengibre
pan,boquerones,mandarinas
espárragos,piñas,plátanos,acelgas,sal,pavo,ajo,azúcar,salmón,conejo
frambuesas,conejo,huevos,limas,plátanos,guayabas,ajo
pimienta,ternera
gambas
jengibre,sandías,azúcar,berenjenas,perejil,pimientos,orégano,ternera,pulpo,laurel,aceite de oliva,leche
mostaza,tomates,cebollas,sandías,laurel,frambuesas,ajo,bacalao,uvas,mantequilla,queso,ajo
menta,brócoli,mayonesa,piñas,melocotones,espárragos,harina,pollo
arroz,granadas,harina,arándanos,crema,ajo,pasta,conejo,huevos
cebollas,perejil,moras,mandarinas,bacalao,melones,melocotones,calamares,limas,piñas,judías verdes,crema,espinacas
salsa alioli,jengibre,lechuga,queso,frambuesas,azúcar,ketchup,arándanos,merluza,salsa Worcestershire,berenjenas,aceite de oliva,cordero
salsa barbacoa,repollo,harina,arándanos,romero,mangos,mayonesa
harina,trucha,pepinos
anchoas,tomillo,acelgas,pan,albaricoques,kiwis,espinacas,pulpo,coliflor
nata,cordero,peras,salmón,coliflor,cebollas,zanahorias,kiwis,pimientos,salsa Worcestershire
limones,rúcula,ternera,pan,vinagre,tomillo,acelgas,calamares,trucha,jengibre,plátanos,naranjas,limas,granadas
arroz,cerdo,aceite de oliva,mayonesa,piñas,calabazas,queso,mantequilla,harina,perejil,patatas
menta,salsa de tomate,radicchio,merluza,pollo,zanahorias,ajo,kiwis,fresas,pimientos,piñas,nata,cordero,ternera
plátanos,cordero,albahaca,trucha,arroz,repollo,cebollino,salsa alioli,harina
pimientos,leche,nata
salsa alioli,cilantro,limas,guisantes,cerdo,arándanos,yogur,romero,gambas,alcachofas,salsa barbacoa,sepia,calamares
espinacas,pulpo,guisantes,repollo,mangos,albahaca,ternera,anchoas,mandarinas,fresas,patatas,arroz,melocotones
lechuga,boquerones,brócoli,granadas,cigalas,cordero,rúcula,salsa alioli,merluza,patatas,peras,pavo
tomates,pomelos,albahaca,pollo,salsa barbacoa,espinacas,melocotones,sal,anchoas,ajo,rúcula,cigalas,mangos,pimienta,mayonesa
arándanos,bacalao,mandarinas,salsa de tomate,acelgas,patatas,cebollino
pan,brócoli,calabacines,nata,calabazas,harina,menta,pepinos
pavo,espárragos,piñas,cebollino,sal,arroz,lechuga,orégano,merluza,guisantes,crema,gambas,melones,vinagre
patatas,acelgas,pomelos,salmón,guisantes,calabacines
tomillo,lechuga,mantequilla,yogur,atún,leche,pulpo,radicchio,pasta,langostinos,huevos,arándanos,aguacates,pimienta,orégano
acelgas,guisantes,arroz,salsa de tomate,menta,mostaza,albahaca,anchoas,melones,maíz,zanahorias,patatas
yogur,patatas,pavo,salsa alioli,limones,mandarinas,papayas,aguacates,mantequilla,cigalas,coliflor
espárragos,limas,pimienta,conejo
romero,tomillo,sandías,cordero,merluza,espinacas,atún,plátanos,harina,queso,sepia,frambuesas
guayabas,cilantro,arroz,orégano,vinagre,laurel,bacalao,lechuga,romero,mandarinas,ternera,merluza,manzanas
boquerones,limones,harina,plátanos
limas,yogur,ciruelas,tomillo,nata,kiwis,pepinos,calabacines,sandías,ternera,guisantes,harina,atún,sal,pasta
aguacates,cebollas,azúcar,pasta,zanahorias,radicchio,espárragos,judías verdes,alcachofas,nata
coliflor,alcachofas,salsa Worcestershire,melones,cebollino,sal,albaricoques,arándanos,arroz,perejil,leche,tomillo,crema
menta,huevos,manzanas,uvas,coliflor,rúcula,bacalao,conejo,patatas
frambuesas,salmón,pan,manzanas,yogur,menta,crema,mangos,espárragos,mandarinas,pimientos
peras,patatas,crema,jengibre,pavo,gambas,yogur,aguacates,salsa barbacoa,coliflor
berenjenas,pimientos
trucha,cebollino,espinacas,laurel,albahaca,bacalao,ketchup,piñas,guisantes,peras,naranjas
salsa de soja,melones,lubina,harina,mostaza,manzanas,conejo,espinacas,cilantro,aceite de oliva,salmón
vinagre,coliflor,peras,patatas,salsa de tomate
cerdo,tomates,crema,atún,frambuesas,judías verdes,pepinos,trucha
brócoli,salmón,vinagre,sal,langostinos
anchoas,salsa barbacoa,boquerones,pasta,sal,crema
sepia,romero,gambas
patatas,melocotones,pimientos,plátanos
melocotones
jengibre,guisantes,calabazas,ciruelas,pavo,romero,calamares,limas
cigalas,azúcar,romero,guisantes,guayabas,ajo,yogur,tomates,arándanos
coliflor,brócoli,gambas,ciruelas,cebollas,albahaca,rúcula,crema,ajo,plátanos,atún,sal,judías verdes,salsa tártara
pollo,limas,calabacines,guayabas,tomillo,maíz,atún,kiwis
pimientos,sal,salsa barbacoa,calamares,aguacates,ajo,sepia,limas,atún,tomillo,aceite de oliva,pepinos,brócoli
calabazas,anchoas,salsa Worcestershire,brócoli,jengibre,rúcula,zanahorias
aceite de oliva,zanahorias,salsa tártara,trucha
pollo,cilantro,papayas,mostaza,salsa de tomate,yogur,plátanos,merluza,piñas,mangos
cigalas,crema,guayabas,vinagre,alcachofas,cerdo,espinacas,sepia,nata
calabacines,papayas,tomates,pimientos,atún
mantequilla,mandarinas,boquerones
pomelos
papayas,manzanas,sandías,harina,pollo,lechuga,aguacates,jengibre,guayabas,acelgas,albaricoques
sandías,salsa barbacoa,jengibre,calamares,uvas,conejo,naranjas,patatas,alcachofas,trucha,aceite de oliva,laurel,pimienta,boquerones,ciruelas
pavo,romero,albahaca,pimienta
tomillo,calamares
pulpo,cigalas
ajo,coliflor,pepinos,pimienta,cordero,orégano,salsa Worcestershire,salmón,mostaza,merluza,salsa barbacoa,boquerones,sal,radicchio
anchoas,bacalao,cordero,kiwis,salsa tártara,harina,coliflor
salsa Worcestershire,albahaca,calabacines,cebollas,atún,jengibre,zanahorias,lechuga,tomates,moras,nata
queso,langostinos,frambuesas,calabazas,melones,repollo,pavo
yogur,coliflor,trucha,radicchio,moras,tomates,merluza,bacalao
tomates
huevos,uvas,berenjenas,espárragos,mandarinas,albaricoques,salmón,conejo,papayas,anchoas,laurel,ajo,pasta,pomelos,judías verdes
calabacines,menta,pulpo,espinacas,melones,kiwis,pomelos,sandías
moras,mandarinas,calabazas,queso,pulpo,guayabas,menta,plátanos
merluza,albahaca,peras,limas,atún,mangos,plátanos,tomates,melocotones,sandías,guisantes,conejo,romero
crema,zanahorias,salsa tártara,mandarinas,espárragos,calamares,albahaca,sal,yogur,vinagre,calabazas,peras,salsa Worcestershire,judías verdes,patatas
azúcar,judías verdes,nata,pavo,pollo,albaricoques,frambuesas,maíz,rúcula,lechuga,peras
jengibre,calabacines,cerdo,acelgas,rúcula
azúcar,sepia,atún,coliflor,rúcula,menta,guayabas,espárragos,acelgas,pomelos,kiwis,calamares,cebollas
peras,pepinos,pavo,pasta,nata,arándanos,piñas,merluza,alcachofas,crema,laurel
sandías,trucha,sepia,crema
calabazas,vinagre,atún,frambuesas,perejil,romero,aguacates,cordero,cebollino,bacalao,berenjenas,salsa alioli
pollo,radicchio,melocotones,rúcula,orégano,sandías
boquerones
crema,mangos,guayabas,laurel,melocotones,coliflor,jengibre,mayonesa,pulpo,mantequilla,salsa de soja,alcachofas,orégano
aceite de oliva,arroz,lechuga,judías verdes,calabacines,salsa de soja,pomelos,melocotones,pasta,sepia,gambas,espinacas
lubina,nata,azúcar,anchoas,plátanos,yogur,leche,piñas,bacalao,cigalas,lechuga,acelgas,arroz
orégano,perejil
laurel,leche,perejil,pavo,nata,plátanos
maíz,uvas,guisantes,rúcula,papayas,sandías,ciruelas,trucha,pollo,tomates,espinacas,conejo,ajo
melocotones,yogur,pan,mostaza
salsa de soja,boquerones,salsa barbacoa,frambuesas
merluza,anchoas,albaricoques,ketchup,radicchio,sandías,arándanos,conejo,papayas
bacalao,calamares,papayas
langostinos,plátanos,merluza,romero,mostaza,frambuesas,laurel
frambuesas,nata,piñas,rúcula,ternera,salsa de tomate,salsa de soja,merluza,lechuga,aceite de oliva,limones,pimientos,conejo,ketchup
jengibre
uvas,brócoli
melones,azúcar,aguacates
harina,romero,lechuga,azúcar,pulpo,boquerones,queso,aguacates,atún,pimienta,conejo
harina,zanahorias,queso,vinagre,pollo,rúcula,calabazas,anchoas,berenjenas
mostaza,perejil,salmón,manzanas,cebollas,menta,granadas,aguacates,moras,pasta,crema,plátanos,conejo,merluza,leche
guayabas,trucha,maíz,pulpo,albahaca,calabazas,plátanos,boquerones,peras,cerdo,repollo,jengibre,brócoli,espinacas,vinagre
laurel,judías verdes,berenjenas,naranjas,calamares
anchoas,uvas,laurel,harina,patatas,ciruelas,pimienta,albahaca,rúcula,cebollas,salsa de tomate,langostinos,mayonesa
zanahorias,albahaca,uvas,pollo,arroz,lechuga,acelgas,huevos,salsa de tomate,romero,conejo,alcachofas
azúcar,merluza,limas,peras,romero,bacalao,pollo,mantequilla,cebollino,cilantro
cigalas,moras,repollo,queso,leche,calabazas,guayabas,azúcar,mostaza,berenjenas,naranjas,ajo,salsa Worcestershire,guisantes
peras,alcachofas,mantequilla,vinagre,laurel,acelgas,ajo,romero,mangos,guayabas,langostinos,mandarinas,melones,pulpo
limas,bacalao,frambuesas,mandarinas,azúcar,guisantes
zanahorias,peras,arándanos,salsa tártara,ciruelas,salsa alioli
kiwis,arroz,mostaza,ajo,repollo
jengibre,anchoas,granadas
pimienta,repollo,moras,salsa Worcestershire
merluza,sandías,manzanas,boquerones,plátanos,salmón,sepia,guisantes,radicchio,piñas
leche,aceite de oliva,guisantes,sal,frambuesas,kiwis,salsa alioli,yogur,patatas,ketchup,papayas,albahaca,salsa barbacoa,limas,gambas
frambuesas,maíz,piñas,queso,rúcula,jengibre,kiwis,plátanos,cigalas,sepia,salsa de tomate,espárragos,lubina
gambas,tomillo,melocotones,pollo,mantequilla,calabacines,cebollas,laurel,pimientos,menta
ternera,pimienta,mostaza,espárragos,mayonesa,manzanas,sandías
aceite de oliva,gambas
papayas,judías verdes,lubina,yogur,menta,queso,granadas,lechuga,boquerones,repollo
ciruelas,boquerones,salsa alioli,salsa de tomate,pulpo,radicchio,sandías,queso,fresas
boquerones,trucha,brócoli,ketchup,peras,conejo,cebollas,aguacates
salmón,guisantes,cebollino,piñas
anchoas,azúcar,calabacines
calabazas,tomates,pavo,salsa Worcestershire,azúcar,vinagre,pimienta,plátanos,merluza,calabacines,pepinos,zanahorias,salsa tártara,salsa alioli,cebollino
bacalao,harina,plátanos,salsa barbacoa,nata,boquerones,moras
plátanos,cordero,ternera,queso,cebollino,mangos,vinagre,gambas,yogur,judías verdes,trucha,melones
calabacines,pimientos,salsa barbacoa,langostinos,espinacas,limones,lechuga,tomillo,salmón
langostinos,berenjenas,mostaza,yogur,espárragos,maíz
tomillo,melones,salsa alioli,kiwis,sal,calabazas,huevos,merluza,langostinos,limas,uvas,manzanas,granadas,crema
gambas,limas,moras
lubina,pasta,pomelos,sepia,vinagre,laurel,albaricoques,pimienta,salsa de tomate,zanahorias,berenjenas,calamares
radicchio,perejil,calamares,zanahorias,aguacates,melocotones,albaricoques,mangos,sal,boquerones,brócoli
mandarinas,salsa barbacoa,jengibre,espárragos,merluza,salsa de soja,yogur,melocotones,albahaca,calabazas,conejo,arroz,pasta
arroz,romero,papayas,harina
gambas,yogur,kiwis,radicchio,tomillo,harina,frambuesas,pomelos,queso,espinacas,maíz,cilantro,sal,mostaza
espárragos,mangos,albaricoques,merluza,menta,pulpo,pimienta,guisantes,acelgas,bacalao,aguacates,albahaca,limones,salsa tártara,salsa de tomate
lubina,patatas,calabacines,granadas,guisantes
azúcar,calabacines,atún,ciruelas,trucha,jengibre,pavo
pan,menta,salsa de tomate,judías verdes,pimienta,piñas,pasta,pavo,mostaza,leche,moras,maíz
pepinos
calabacines,salsa de tomate,queso,salsa Worcestershire,peras
mantequilla
ketchup,limas,plátanos
berenjenas,ternera,granadas,vinagre,lechuga,bacalao,fresas,moras
calabacines,plátanos,manzanas,judías verdes,melocotones,azúcar,ternera,pulpo
pan,calabazas,mostaza,sal,espárragos,trucha,mangos
cebollas,anchoas,salsa de tomate,frambuesas,salsa tártara,brócoli,berenjenas,aceite de oliva,melones
limas,mandarinas,calabazas,pepinos,arroz,lubina,salsa de soja,cigalas,judías verdes
peras
laurel,nata,romero
mayonesa,anchoas,langostinos,tomillo,salsa de tomate,azúcar,lubina
cebollino,ketchup,lubina,cebollas,radicchio,salsa barbacoa,maíz
leche,lubina,salsa Worcestershire,guayabas,sepia
melocotones,conejo,guisantes,peras,salsa de soja,cilantro,cebollas,lechuga,uvas,atún,vinagre,ajo
cilantro,espárragos,langostinos,salsa tártara,manzanas,judías verdes,gambas,sandías,kiwis
maíz,frambuesas,crema,fresas,berenjenas,melones,pan,mantequilla,manzanas,acelgas,mayonesa,papayas,mandarinas,patatas,pomelos
salsa barbacoa,pulpo,arroz,yogur,guisantes,cilantro,huevos,pimientos,limas,aceite de oliva
fresas,frambuesas,salsa Worcestershire
salsa tártara,trucha,tomates,pepinos,acelgas,arroz,ajo,pasta,pollo,menta,pimientos
vinagre,judías verdes
romero,huevos,coliflor,pimienta
ciruelas,bacalao,naranjas,coliflor
arándanos,ajo
guisantes,piñas,pasta,laurel,leche,melocotones,salsa barbacoa,ajo,bacalao,aguacates,sepia,salsa tártara,pulpo,trucha,mandarinas
bacalao
coliflor,albahaca,mandarinas,salsa alioli,cebollas,perejil,ketchup,boquerones,calamares,pimientos,gambas,berenjenas,vinagre,naranjas
patatas,atún,radicchio,pan,lechuga,menta,granadas,espárragos,mangos
yogur,harina,pulpo,coliflor,albaricoques,limones,piñas,salsa de soja,salsa barbacoa,salsa de tomate
calamares,guayabas,salsa alioli,brócoli,cigalas,gambas,pavo,albahaca,anchoas,cerdo,papayas,manzanas,crema,mangos
sandías,lechuga,cerdo,espinacas,leche,radicchio,guayabas,maíz,pimientos,judías verdes,repollo,atún,calabacines
espárragos
ajo,salsa Worcestershire,tomates,guayabas,albaricoques,espinacas,pimientos,perejil,pulpo,atún,maíz,azúcar
azúcar,calabazas,pepinos,salsa de tomate,cilantro,peras,judías verdes,anchoas,repollo,espárragos,tomillo,aceite de oliva,brócoli,vinagre
repollo,frambuesas,romero,piñas,merluza,harina
salsa Worcestershire,anchoas,pomelos,cilantro,cigalas
jengibre,vinagre,papayas,alcachofas,cilantro,moras,atún,ajo,pollo,coliflor
calabazas,lubina,tomillo,arándanos,mayonesa,guisantes,frambuesas,berenjenas
leche,pavo,pasta,laurel,mandarinas,boquerones,peras,mangos,acelgas,calamares,orégano,pepinos,sal,albahaca
cebollino,merluza,lechuga,mangos
pollo,tomillo,bacalao,cilantro,cebollino,ciruelas,orégano,fresas,limones,romero,laurel,salsa de tomate,vinagre
trucha,pimientos
granadas,salsa Worcestershire,mostaza,yogur,romero,bacalao,cigalas,kiwis,pollo,limones,mangos,pepinos,langostinos,salsa alioli
menta,fresas,nata,moras,conejo,ajo,aguacates,langostinos,mantequilla,huevos,mostaza,rúcula,salsa Worcestershire,queso
cigalas,bacalao,pomelos,romero,tomates,limas,yogur
cebollino,jengibre
pan,merluza,ciruelas,naranjas,pomelos,pepinos,uvas,mantequilla,bacalao,salsa barbacoa,albaricoques,salmón,conejo
tomillo,arroz,plátanos,sal,granadas,albaricoques,pavo,cigalas
radicchio,calamares,pomelos,repollo,salsa de soja,mangos,aceite de oliva,vinagre,uvas,albaricoques,conejo,atún
papayas,ketchup,calamares,merluza,tomates,acelgas,mostaza,cordero,mantequilla,moras,radicchio,atún
pimientos,brócoli,pulpo,mandarinas,coliflor,sepia,salmón,sal,calabazas,cordero,conejo,moras
guayabas,ciruelas,pimientos,calabacines
repollo,ketchup,sal,orégano,alcachofas,pollo
arándanos,sepia,manzanas,fresas,queso,moras,calamares,espárragos
mayonesa,pulpo,azúcar,alcachofas,gambas,ternera
alcachofas,sal,mangos,crema,lechuga,pollo,cerdo,fresas,arándanos,salsa de tomate,boquerones,aguacates,ketchup,radicchio,mandarinas
pepinos,radicchio,sandías,alcachofas,pulpo,aguacates,pavo,repollo
aguacates,salsa Worcestershire,cerdo,albaricoques,lubina,sandías,salmón,cebollas,pollo,laurel
pepinos,lubina,salsa tártara,leche,uvas,mostaza,boquerones,arroz,salsa de tomate,langostinos,radicchio,maíz,arándanos,melones,alcachofas
cilantro
mostaza,conejo,bacalao
azúcar,langostinos,manzanas,pimientos,uvas,menta
huevos,pomelos,yogur,peras,cebollino,rúcula,mayonesa,perejil,plátanos,arándanos,melocotones
aceite de oliva,moras,salsa alioli,alcachofas,albaricoques,tomillo,peras,sepia,salsa Worcestershire
coliflor,tomates,cilantro,ajo,brócoli,rúcula,azúcar,peras,pepinos
pepinos,gambas,calabazas,boquerones,crema,salsa barbacoa,uvas
salsa Worcestershire,perejil
peras,aceite de oliva,queso,pomelos,jengibre,guayabas,tomates,calabazas,cordero,guisantes,pulpo,atún,sal,acelgas,ternera
salsa tártara,azúcar,ternera,conejo,aguacates,albaricoques,romero,manzanas,mantequilla,mostaza,lechuga,pan,ciruelas,calabazas,kiwis
huevos,yogur,albaricoques,sal,aceite de oliva,sepia,anchoas
pollo,albahaca,coliflor,peras,calabacines,trucha,pimientos,maíz,ciruelas,pomelos,queso,nata,alcachofas,pepinos,pulpo
pimientos,huevos,orégano,uvas,papayas,salsa de tomate,espinacas,salsa tártara,yogur,cordero,brócoli,piñas
romero,huevos,melones,pulpo,maíz,tomates,uvas
tomates,cordero,trucha
albaricoques,calabacines,berenjenas,merluza,azúcar,atún,harina
cerdo,arándanos,peras,tomillo,ajo,laurel,calabacines,plátanos,fresas,mostaza,manzanas,trucha,cilantro,frambuesas
limas,moras,tomates,sandías
manzanas,kiwis,merluza,huevos,radicchio,salsa tártara,tomates,naranjas,ajo,sepia
mayonesa,melocotones,mantequilla,maíz
calamares
manzanas,aceite de oliva,orégano
ketchup,menta,jengibre,maíz,ajo,mantequilla,nata,pan
plátanos
limones,mandarinas
queso,salmón,aceite de oliva,aguacates,mantequilla,calabazas,arroz
rúcula,pimientos
papayas,judías verdes,ternera,radicchio,acelgas,peras,cerdo,coliflor
melocotones,arroz,kiwis,espárragos,salsa de tomate,laurel,aceite de oliva,coliflor,ciruelas,jengibre,naranjas,mostaza,nata,merluza
queso,pimientos,berenjenas,acelgas,mangos,jengibre,cerdo,calabacines,arándanos,patatas,salmón,vinagre
anchoas
salsa barbacoa,perejil,pimientos
cerdo
papayas
melones,cordero,langostinos,mangos,limas,limones,sepia,pepinos,rúcula,salsa tártara,mostaza,peras,salsa de soja,calamares
guayabas,ajo,cerdo,naranjas,maíz,nata,cordero,melones,salsa tártara,merluza,arroz,cebollino,tomates
patatas,jengibre,ajo,queso,pavo,guayabas,radicchio,lubina
coliflor,sandías,salsa Worcestershire,frambuesas,melones,zanahorias,atún,tomates,mandarinas,mangos,trucha,cilantro,kiwis,mantequilla,cigalas
leche,salmón,mangos,calabacines,espinacas,uvas,cerdo,sal,ternera
atún,aguacates,laurel,cilantro,papayas,anchoas,crema,harina
pan,cigalas,espárragos,rúcula,mandarinas,atún,patatas,salsa alioli,cebollino
salsa Worcestershire,mandarinas,plátanos
mantequilla,judías verdes,melocotones,espárragos
calabacines,rúcula,frambuesas,peras,ketchup
zanahorias,menta
ajo,manzanas,arroz,atún,mantequilla,limones,vinagre,laurel,lubina,salsa barbacoa,repollo,cebollino,mangos,mostaza,salsa de soja
pavo,menta,plátanos,limas,cilantro,mantequilla,azúcar,leche,sandías
rúcula,melocotones,berenjenas,guisantes,melones,piñas,repollo,salmón,guayabas,pepinos,langostinos,naranjas
ketchup,atún,granadas,coliflor,tomates,maíz,albaricoques,orégano,pomelos,menta
arroz,plátanos,pan,arándanos,bacalao,pulpo,manzanas,boquerones,brócoli,aceite de oliva
calabazas,salsa barbacoa,cigalas,salsa tártara,pepinos,lechuga,ajo,coliflor,romero,vinagre,pimientos,guisantes
yogur,limones,berenjenas,mandarinas,lechuga,naranjas,sepia,repollo,maíz,sal,salsa barbacoa,mantequilla,tomillo
acelgas,guayabas,aceite de oliva,pan,moras,salsa de soja,salsa de tomate,brócoli,mangos,cilantro
orégano,vinagre,alcachofas
repollo,salsa barbacoa,cigalas,moras,huevos,pavo,mantequilla,manzanas
guayabas,papayas,huevos,mandarinas,sepia,pepinos,salsa de soja,cigalas,naranjas,lubina,cerdo
pollo,cerdo,salsa alioli,arroz,tomates,albahaca,langostinos,pepinos,melocotones,menta,trucha,sandías
mangos,piñas,pomelos,lechuga,acelgas,salsa Worcestershire,mantequilla,aguacates,sal,arándanos,pavo
ajo,acelgas,gambas,mantequilla,anchoas,cordero
cerdo,conejo,salmón,salsa de soja,pasta,zanahorias,mangos,sal
salsa tártara,trucha,limones,patatas,menta,laurel,coliflor,ciruelas,nata,lechuga,melocotones,sandías,alcachofas
yogur,lubina,queso,romero,kiwis,judías verdes,albahaca,maíz,cerdo,alcachofas,pomelos
salsa Worcestershire,pomelos,sal,cigalas,pasta,anchoas,pimientos,maíz,granadas,harina,mayonesa,repollo
vinagre,naranjas,acelgas,peras,salmón,brócoli,bacalao
cordero,pavo,nata,lubina,aguacates,cebollas,frambuesas
bacalao
anchoas,leche,cigalas,aceite de oliva,piñas,cebollino,salsa alioli,guayabas,manzanas,pepinos
huevos,salsa Worcestershire,patatas,lechuga,laurel,pimienta,ketchup,maíz,pan,pavo,pulpo,calabazas,pimientos,brócoli
espárragos,berenjenas,radicchio,judías verdes,patatas,alcachofas
langostinos,cerdo,mandarinas
berenjenas,lubina,laurel,naranjas,tomates,pulpo
pulpo,papayas,salsa Worcestershire,ajo,peras,espinacas
trucha,laurel,maíz,pasta
calamares,cigalas,peras,nata,repollo,naranjas,leche
calabacines,salsa de tomate,langostinos,albaricoques,pollo,merluza,sal,lubina,cordero,tomates,lechuga,pasta,pepinos
menta,pavo,mostaza,peras,harina,laurel,naranjas,frambuesas,patatas
sandías,anchoas,plátanos,leche,pepinos,gambas,atún,pan,pulpo,aceite de oliva,langostinos,pimienta,tomillo
salsa tártara,langostinos,jengibre,plátanos,guisantes,lubina,espinacas,limones,maíz,pollo,pimienta,ketchup,crema
salsa Worcestershire,azúcar,patatas,aguacates,pomelos,harina,rúcula,naranjas,cilantro
granadas,berenjenas,leche,coliflor,azúcar,sandías,espinacas,orégano,calabacines,papayas
yogur,mostaza
aguacates,brócoli
harina,radicchio,patatas,azúcar,salsa de tomate
azúcar,judías verdes,mantequilla,cerdo,atún,langostinos,leche,radicchio,calamares,manzanas,huevos,pomelos,arándanos
plátanos,cebollas,sandías,crema,yogur,calabazas,papayas,naranjas
boquerones,manzanas,cordero,maíz,zanahorias,pimientos,yogur,lechuga,laurel,naranjas,peras,perejil,romero,pomelos,queso
bacalao,pan,cigalas
pimientos,guisantes,cordero,pomelos,brócoli,sandías,cigalas,fresas,frambuesas,rúcula,granadas,manzanas,pasta,calamares,cebollino
cordero,radicchio
sal,salsa tártara,melocotones,pollo,radicchio
arroz,albahaca,melones,pulpo,crema,tomates,salsa de tomate,papayas,mangos,queso,granadas
calamares,albahaca,salsa de soja,cerdo
anchoas,acelgas,mayonesa
plátanos,calabazas,lechuga,yogur,peras
orégano,mostaza,pan
orégano,guayabas,limones,rúcula,tomillo,melones,limas,boquerones
alcachofas,pasta,salsa de soja
ketchup,pimientos,harina,pan,azúcar,calabazas,acelgas,espárragos,pomelos
papayas,moras,limones,yogur,boquerones,zanahorias,ternera,nata,maíz,orégano,limas,pasta,plátanos
pimienta,crema,lechuga
aceite de oliva,cebollino,boquerones,trucha,alcachofas
atún,salmón,acelgas,sal,salsa de soja,vinagre,albahaca,salsa barbacoa
vinagre,pepinos,salsa alioli,cigalas,romero,brócoli,maíz,cebollas,coliflor,sal,laurel,rúcula,guayabas,moras,mantequilla
romero,piñas,guayabas
tomates,pollo,uvas,mayonesa,judías verdes,trucha,berenjenas,aguacates,pan,coliflor
merluza,tomillo,sal,lechuga,frambuesas,pulpo
mayonesa,rúcula,acelgas,pollo,albaricoques
bacalao,arroz,calabazas,guayabas,salsa barbacoa,pavo,aceite de oliva,zanahorias,plátanos,queso,lechuga,alcachofas,peras,conejo
salsa tártara,papayas,cebollino,maíz
brócoli,aguacates,acelgas,conejo,jengibre,lubina,pasta,tomates,plátanos,vinagre,melocotones,laurel
pimientos,moras,salsa barbacoa,cigalas,lubina,pasta
kiwis,calabacines,vinagre,tomillo,frambuesas,langostinos,ketchup,ajo,patatas,fresas,melones,mantequilla,huevos,sal,aceite de oliva
piñas,maíz,pimienta,mayonesa,arándanos,naranjas,trucha,frambuesas,queso,aguacates,papayas,guisantes
mostaza,radicchio,cigalas,sepia,mandarinas,pavo,perejil,calabazas,sal,coliflor
orégano,salsa Worcestershire,pavo,kiwis,pomelos,acelgas,boquerones,guayabas
cilantro,radicchio,patatas,arroz,plátanos,rúcula,huevos,sandías,albahaca,mantequilla
gambas,leche,aceite de oliva,zanahorias,salsa alioli,sandías,plátanos,rúcula,salsa de tomate,limas,pimientos,coliflor,ternera,piñas,pimienta
judías verdes
guayabas,manzanas
guisantes,pimienta,pimientos,pollo,espárragos,ajo,bacalao,pomelos,peras,langostinos,tomillo,lechuga,frambuesas,tomates
crema,jengibre
trucha,crema
salsa de tomate,calabacines,uvas,ciruelas,gambas,espinacas,granadas,calamares,piñas,zanahorias,limones
judías verdes,lubina,papayas,fresas,ciruelas,repollo,romero
papayas,huevos
kiwis,ciruelas
ketchup,moras,ternera,albahaca,langostinos,crema,sandías
salsa de soja,albaricoques,sandías,mandarinas,piñas,yogur,cerdo,pepinos,salmón,gambas,brócoli
conejo,mayonesa,ketchup,calamares,peras
patatas,salsa de tomate,calamares,piñas,rúcula,berenjenas,tomates,albaricoques,mayonesa,mantequilla,pasta,boquerones,mangos,pavo,manzanas
zanahorias,salmón,rúcula,kiwis,cilantro,arándanos,trucha,ajo
melocotones,salsa alioli,alcachofas,piñas,tomates,orégano
orégano,gambas
aguacates,ternera,boquerones
kiwis,sandías,sepia,maíz,mayonesa,moras,limones,atún,guayabas,azúcar,coliflor,bacalao,manzanas,vinagre,orégano
vinagre,bacalao,arroz,menta,espárragos,pasta,melones,cerdo,salmón,pepinos,salsa Worcestershire,repollo,calabazas
pimientos,yogur,limones,harina,arroz,coliflor,ciruelas
judías verdes,manzanas
albaricoques,cigalas,ternera,salsa Worcestershire,limones,lechuga,cebollino,manzanas,arroz,papayas,ajo
vinagre,conejo
radicchio,mandarinas,papayas,kiwis,salsa barbacoa,coliflor,merluza,berenjenas,cordero,lechuga,albahaca,frambuesas,bacalao,ternera,laurel
acelgas,ketchup,maíz
merluza
mandarinas,fresas,ciruelas,boquerones,mantequilla,pasta,tomillo
rúcula,mangos,papayas,queso,pomelos,cerdo,ciruelas,lechuga,acelgas
nata,salsa barbacoa,huevos,tomillo
gambas
leche,cebollino,huevos,laurel,pimientos,maíz,sepia,harina,ternera,crema,calabacines,melocotones,albaricoques
sepia,berenjenas,salmón,tomates,limones,queso,cebollino,maíz,arroz,merluza,cilantro,ketchup,espárragos,radicchio
ketchup,calabacines,berenjenas,melones,mangos,cordero,yogur,limas,cigalas
brócoli,salsa barbacoa,calabazas,ajo,menta,lechuga,coliflor
papayas,albahaca,manzanas,salsa de tomate,salsa Worcestershire,cigalas,limas,limones,calabacines,mantequilla,pan,pasta,laurel,arándanos
ajo
acelgas,tomates,pimientos
frambuesas,naranjas,perejil,ciruelas,laurel,guayabas,salsa alioli,mantequilla,azúcar,aceite de oliva,albahaca,melones,salmón
pasta,vinagre,calamares,fresas,cigalas
salsa Worcestershire,naranjas,pulpo,ciruelas,frambuesas,calamares
anchoas,langostinos,romero
jengibre
vinagre,espárragos,salsa alioli,uvas,conejo,salsa de tomate,radicchio,maíz,ternera,pavo,coliflor,papayas
albahaca,merluza,espinacas
limones,laurel,pulpo,vinagre,judías verdes,espárragos,menta,naranjas,sandías,zanahorias
pomelos,melocotones,pan,boquerones,cebollas,espinacas,alcachofas,papayas,limas,cebollino,ciruelas,granadas,lubina
pulpo
pomelos,romero,pimienta,guisantes,berenjenas,nata
queso,bacalao,judías verdes,arándanos,vinagre,albahaca,cebollino,aguacates
salsa tártara,patatas,uvas,kiwis,arroz,yogur,melocotones,pepinos
espárragos,crema,plátanos,sal,cordero,papayas,arándanos,menta,pimienta,salsa tártara,romero
romero,mayonesa,frambuesas,crema,mangos,vinagre,cigalas
acelgas,cebollas,arroz,queso
cebollino,berenjenas,espinacas,jengibre,granadas,repollo,zanahorias,judías verdes,peras,brócoli
lubina,jengibre,limones,cilantro,brócoli,tomates,calabacines,salsa Worcestershire,acelgas,harina,melocotones,calabazas,salsa de tomate,queso,espinacas
repollo,lubina,bacalao,nata,laurel,guayabas,calamares,mostaza,cordero,yogur,ternera,salmón,espinacas
coliflor,calamares,judías verdes,berenjenas,espárragos,limones,pasta,sepia
repollo,lechuga
salsa tártara,pan,guayabas,queso,cordero,pollo,moras,sal,vinagre,cilantro,melocotones,radicchio,mangos
salsa de tomate,repollo,limones,sepia,cerdo,salsa alioli
laurel,salsa Worcestershire,mantequilla,menta
huevos,mangos,mandarinas
mayonesa,orégano,aguacates,bacalao,cebollas,lubina,ciruelas,melones,anchoas,limas,brócoli,ketchup,leche,pollo
bacalao,tomillo,rúcula,cigalas,arroz,vinagre,laurel
acelgas,cordero,espárragos,calabacines,ajo,sandías,romero,huevos,granadas,ternera,queso,anchoas,pimientos,azúcar
mayonesa,lechuga,pollo
ciruelas,merluza,crema,melones,pimientos,jengibre,calabazas,pomelos,radicchio,yogur,sal
jengibre,salsa de tomate,calamares,ternera,peras,pimientos,azúcar,sandías,cigalas,judías verdes
tomillo,ajo,merluza,sepia,pimientos
albahaca,menta,trucha,cerdo,maíz,piñas,papayas,jengibre,cebollas,brócoli,mayonesa,naranjas,pepinos,judías verdes
kiwis,maíz,pan,vinagre,salsa Worcestershire,lubina,ciruelas
pan,mostaza,lubina,pimientos,brócoli,piñas,orégano,calabacines,acelgas,sandías,fresas
berenjenas,langostinos,uvas,cerdo,patatas,atún,romero,papayas,queso
nata,romero,huevos,albaricoques,arroz
nata,pan,calabacines,sal
laurel,arroz,ciruelas,menta
ciruelas,pomelos,melones,lubina,frambuesas,merluza,sandías
espárragos,coliflor,alcachofas,lechuga,zanahorias,cordero,cigalas,calabacines
trucha,moras,mantequilla,espinacas,cerdo,pavo,orégano,calamares,pasta,kiwis,arroz,judías verdes,sandías
salsa de soja,pan,salmón,coliflor,uvas,papayas,huevos,melocotones
ketchup,pollo,salsa barbacoa,pan,ciruelas,mantequilla,pasta,papayas
melones,piñas,pomelos,aguacates,atún,papayas,sal,calabazas,arroz,pan,cerdo,tomates
pavo,manzanas,pulpo,tomates,huevos,arroz,brócoli,moras,salsa de soja,queso,albahaca,zanahorias,anchoas,arándanos,kiwis
pan,calabacines,romero,azúcar,alcachofas,pepinos,crema,peras,granadas,sepia,cerdo,plátanos,perejil,repollo,salsa alioli
manzanas,pan,papayas,arándanos,mangos,judías verdes,guayabas
pimienta
maíz,pavo,coliflor,gambas,radicchio,melocotones,pomelos
vinagre,manzanas,trucha,cerdo,melocotones,pimienta
espárragos,leche,cilantro,conejo,papayas
cebollas
queso,pepinos,leche,alcachofas,pomelos,uvas,guisantes,arroz,merluza
frambuesas
espinacas,calabacines,salsa Worcestershire,salsa de tomate
orégano
langostinos
calamares,salsa alioli,atún,maíz,calabacines
anchoas,trucha,salsa de tomate,aguacates,sepia,pimienta,coliflor,albahaca,peras,berenjenas
atún,cigalas,patatas,yogur,melones,brócoli,salmón,crema
pollo,plátanos,piñas,ciruelas,mandarinas,conejo,ketchup,sal,laurel
peras,lubina,mostaza,ciruelas
crema,tomillo,pavo,salsa Worcestershire,gambas
guisantes,mantequilla,mandarinas,mayonesa,cebollino,ketchup,pan,espárragos,melones,laurel,pavo,langostinos,maíz,tomates
naranjas,vinagre,cordero,granadas,piñas,ciruelas,romero,mayonesa,guayabas,alcachofas,cebollino,rúcula,nata,ajo,pimienta
sandías,piñas,limas,jengibre,calamares,salsa Worcestershire,frambuesas,pasta,pepinos,lechuga
pan,albaricoques,huevos,pomelos,vinagre,harina,cordero,boquerones,fresas,perejil
berenjenas,queso,cordero,gambas,atún,salsa de soja
manzanas,mostaza,pulpo,coliflor,naranjas,anchoas,pollo,sepia,ciruelas,conejo,calabacines,azúcar
cebollino,pulpo,espinacas,zanahorias,maíz,merluza,pepinos,kiwis,manzanas,salsa barbacoa,melones,ajo,jengibre,limones
peras,laurel,mostaza,espinacas,espárragos,radicchio,alcachofas,aguacates,merluza,albaricoques,papayas,guayabas,lechuga
guisantes,tomillo,langostinos,peras,pavo,aceite de oliva,melocotones,kiwis,vinagre,pepinos,uvas
aguacates,radicchio,granadas,guayabas,cebollino,nata,maíz
cilantro,tomates,vinagre,lubina
espárragos
granadas,albaricoques,salsa alioli,pasta,mandarinas
pulpo,aceite de oliva,repollo,salsa alioli,judías verdes,salsa barbacoa
mayonesa,trucha,jengibre,peras,alcachofas,boquerones,ketchup,calabacines,brócoli,merluza
ciruelas,brócoli,pomelos,guisantes,aceite de oliva
frambuesas
limas,tomates,salsa de tomate,vinagre,melocotones,mostaza,mayonesa,zanahorias,arroz,ciruelas,coliflor,albaricoques
coliflor
aguacates,cordero,salsa de soja,ternera
guisantes,salsa tártara,pomelos,coliflor,peras,mayonesa,perejil,espárragos,plátanos,repollo,orégano,fresas
pollo,yogur,huevos,lubina,tomates,arándanos,merluza,guisantes,romero
pasta,limones,pollo,nata,vinagre,melones,queso,pomelos
azúcar,judías verdes,salmón,peras,mantequilla,mostaza,salsa alioli,ciruelas,calabazas,mayonesa,maíz,calabacines
peras,acelgas,papayas,pulpo,calabacines,salsa tártara,cigalas,salmón,mantequilla,orégano,berenjenas,crema,leche
yogur,zanahorias,pan,berenjenas,maíz,pavo,rúcula
menta,aguacates,pepinos,trucha,pimientos,conejo,merluza,calabazas,mayonesa,calamares,salsa de tomate
arándanos,uvas,pimientos,naranjas,guisantes
jengibre,conejo,ciruelas,trucha
mandarinas,huevos,ajo,naranjas,salsa de tomate,maíz,alcachofas,frambuesas,pollo,aguacates,berenjenas,gambas,perejil,rúcula,calabacines
plátanos,ciruelas,tomillo,uvas,queso,yogur,perejil,acelgas
vinagre,mangos,salmón,salsa alioli,huevos,maíz,pomelos,aguacates,pulpo,salsa de tomate
piñas,tomillo,melones,cigalas,sal,pan,mayonesa,lubina,calabacines,orégano
vinagre,pepinos,cigalas
tomillo,granadas,salsa tártara,albahaca,moras,cilantro,calamares,mayonesa,pavo
albaricoques
tomillo,zanahorias,guayabas
salsa barbacoa,espárragos,pulpo,uvas,mostaza,piñas,bacalao,berenjenas,maíz
cebollas,sal,salsa de soja,granadas,berenjenas,lechuga,pavo,nata,sepia,langostinos,pollo,aguacates
salsa barbacoa,fresas,ternera
moras,menta,romero,albahaca,conejo,sepia,azúcar,cerdo,salmón
repollo,ajo,salsa de soja,espinacas,pasta,mangos,pavo,cordero,piñas,mayonesa
naranjas
vinagre
bacalao,orégano,vinagre,lubina,ajo,sal,piñas,kiwis,perejil,frambuesas,pomelos,espinacas
tomillo
laurel,orégano,espárragos,ciruelas,arándanos,peras,plátanos,langostinos
mangos,pavo
moras,romero,mantequilla,perejil,pollo,arándanos,cerdo,radicchio,maíz,repollo,cilantro,acelgas,guayabas
naranjas,lechuga,pomelos,uvas,leche,plátanos,pimientos,laurel,mangos,ketchup,cordero,gambas,sepia
jengibre,perejil,pollo,trucha,ternera,pasta,pavo,radicchio,romero,mangos,calabazas,melocotones,menta,huevos,yogur
atún,crema
berenjenas,lechuga,pan,judías verdes,radicchio
papayas,granadas,moras,trucha,harina,cigalas,yogur
mandarinas,bacalao,laurel,guayabas,sandías,jengibre,harina,rúcula,pimientos,langostinos,coliflor,gambas
pavo,manzanas,brócoli,vinagre,pepinos,salsa alioli
pollo,alcachofas,calamares,salsa alioli,cilantro,azúcar,salsa barbacoa,repollo,yogur,kiwis
salsa tártara,gambas,atún
mostaza,ajo,salsa Worcestershire,manzanas
vinagre,calabazas,radicchio,mostaza,ajo,fresas,salsa tártara,salsa alioli
kiwis,salsa tártara,vinagre,crema,papayas,huevos,zanahorias,ternera,pasta,plátanos
azúcar,fresas,albaricoques,plátanos,romero,cebollas,salsa de tomate,cilantro
cilantro,anchoas,mayonesa,melocotones,tomillo,salsa barbacoa,judías verdes
tomillo,pavo,melones,lubina,maíz,sepia,cerdo,huevos,acelgas,manzanas,frambuesas,calabazas,bacalao,queso
brócoli,melones,yogur,bacalao,kiwis,salmón,arroz,ternera,berenjenas,uvas,aceite de oliva,mantequilla,salsa tártara,calabacines,ajo
pepinos,arándanos,pimienta
limas,mandarinas,arroz,limones,sepia,aceite de oliva,granadas,pan,salmón,cordero,fresas,salsa barbacoa
sandías,calabazas,arándanos,cebollino,espárragos,tomillo,cordero,papayas,espinacas,acelgas,azúcar,conejo,boquerones,moras,mangos
cerdo,espinacas,harina,pavo,ciruelas,arroz,calamares,salsa de soja,naranjas,maíz,cigalas,huevos,merluza,laurel
melocotones,rúcula,pimientos,pimienta,tomillo,mangos,pavo
kiwis,jengibre,ternera,manzanas,orégano,cebollino,radicchio,cebollas,aguacates
romero,pimientos,mantequilla,mayonesa,sepia,salsa Worcestershire,granadas,salsa de tomate,jengibre
calabacines,berenjenas,peras,harina,aceite de oliva,pepinos,frambuesas,cebollino,manzanas,salsa barbacoa,bacalao,langostinos,salmón
pavo,sandías
peras,pavo,langostinos,salsa barbacoa,moras,aguacates,ketchup
calabazas,granadas,yogur,acelgas,pan,zanahorias,jengibre,lubina,cigalas,guisantes,peras,papayas
acelgas,langostinos,salsa de tomate,pan,pimienta,albaricoques,espárragos,espinacas,pimientos,atún,repollo
granadas
pulpo,coliflor,judías verdes,ajo,melocotones,nata,langostinos,peras,frambuesas,sal,aceite de oliva,naranjas,calabazas
cordero,pepinos,cebollino,azúcar,limas,salsa de soja,berenjenas,queso,salsa barbacoa,pavo,atún,limones,patatas,albaricoques,merluza
salsa de tomate,cordero,bacalao,judías verdes,atún,yogur,romero,huevos,arándanos,aceite de oliva,berenjenas,patatas,salsa alioli,ketchup,espinacas
crema,pimienta,pomelos,pulpo,fresas,salsa de tomate,naranjas,albaricoques,pan,menta,tomates,coliflor,ajo,salsa Worcestershire,espinacas
merluza,sal,frambuesas,menta,pimienta,pan,papayas,langostinos,albaricoques,zanahorias
melocotones
arroz,cebollino,laurel,cigalas
conejo
